"","Bias_OLS","Bias_ridge","Variance_OLS","Variance_ridge","MSE_OLS","MSE_ridge","Power_OLS","Power_ridge","Mean_optimal_lambda"
"1",91.8939437630674,543.696773027921,19192.8077188301,182.940507288388,19284.7016625931,726.637280316309,0.7853,0.9254,2.04785617905696
