"","Bias_OLS","Bias_ridge","Variance_OLS","Variance_ridge","MSE_OLS","MSE_ridge","Power_OLS","Power_ridge","Mean_optimal_lambda"
"1",949.041778254355,853.332355100085,949.222989035655,236.998685515979,49.2671895358985,900.69345495112,0.3516,0.780325,1.8655160831067
