"","Bias_OLS","Bias_ridge","Variance_OLS","Variance_ridge","MSE_OLS","MSE_ridge","Power_OLS","Power_ridge","Mean_optimal_lambda"
"1",92.8508625450106,171.100407254788,19614.2819909569,32.6260679364757,19707.1328535019,203.726475191264,0.7885,0.95275,5.25588772679344
