"","ridge_sure","ridge_cv","ols","mbic2"
"k=20",499.994396323253,494.859566195408,39506420.0056572,6783.02994986229
"k=100",2499.29409818512,2428.51169077947,39645595.9395963,64076.6577617963
"k=200",4993.37972650892,4806.48106541894,39697592.29202,122087.27466491
