"","ridge_knockoffs","LASSO_knockoffs","AdaLASSO1","AdaLASSO2","AdaSLOPE","AdaBayesSLOPE"
"k=5",0.341071428571429,0.343253968253968,NA,NA,NA,NA
"k=20",0.0800585284280936,0.0933832833832834,NA,NA,NA,NA
"k=50",0.176339186907555,0.265476763924811,NA,NA,NA,NA
