"","ridge_knockoffs","LASSO_knockoffs","AdaLASSO1","AdaLASSO2","AdaSLOPE","AdaBayesSLOPE"
"k=5",0.0748809523809524,0.141320693195693,0.757383689853208,0.637528726763941,0.0235,NA
"k=20",0.179131630642485,0.202326936761582,0.730228021108678,0.608069349817827,0.043050595857232,NA
"k=50",0.190911174508465,0.204622214440396,0.626609255204243,0.506802585659283,0.0866727591235116,NA
