"","LS","ridge","LASSO","AdaLASSO1","AdaLASSO2","AdaSLOPE","AdaBayesSLOPE"
"k=5",16924.148247846,411.733621934077,411.733621934077,NA,NA,NA,NA
"k=20",18974.2838706017,1148.7426691477,1148.7426691477,NA,NA,NA,NA
"k=50",13783.3747753082,2145.19389688284,2145.19389688284,NA,NA,NA,NA
