"","LS","ridge","LASSO","AdaLASSO1","AdaLASSO2","AdaSLOPE","AdaBayesSLOPE"
"k=5",17893.0706528896,424.248352006401,145.177672820899,384.079291065924,178.876592095991,87.2708605408925,NA
"k=20",17598.2654584891,1155.54078164302,396.380140255328,804.612350989595,439.553537075174,237.334515568903,NA
"k=50",18213.9763937665,2182.03984559443,973.470868371956,1259.34291714869,845.107805152916,707.473178785874,NA
