"","LS","ridge","LASSO","AdaLASSO1","AdaLASSO2","AdaSLOPE","AdaBayesSLOPE"
"k=5",1802.33042939613,335.919050734404,335.919050734404,NA,NA,NA,NA
"k=20",1781.34236639245,743.401829929869,743.401829929869,NA,NA,NA,NA
"k=50",1796.71496724912,1081.55668277831,1081.55668277831,NA,NA,NA,NA
