"","LS","ridge","LASSO","AdaLASSO1","AdaLASSO2","AdaSLOPE","AdaBayesSLOPE"
"k=5",1769.87041887366,348.572452062975,131.068927629544,394.596522446552,176.390677109771,82.4754849023102,NA
"k=20",1806.45252445677,763.460757416417,340.649838871816,741.756026595958,397.032300095277,222.262610206611,NA
"k=50",1818.19506418726,1064.35083153976,663.817381790236,903.374414586831,620.544938252056,591.403551882203,NA
